{
  "username_length": 0.416015,
  "bio_length": 0.050903,
  "statuses_count": 0.042625,
  "following_log": 0.040311,
  "account_age_days": 0.040224,
  "ratio_log": 0.040204,
  "growth_signal": 0.040203,
  "following_count": 0.039656,
  "follower_following_ratio": 0.038069,
  "followers_log": 0.034832,
  "followers_count": 0.034726,
  "tweets_per_day": 0.033144,
  "posts_per_day": 0.032884,
  "content_density": 0.032835,
  "engagement_proxy": 0.030761,
  "activity_score": 0.0298,
  "verified": 0.007848,
  "username_randomness_score": 0.007584,
  "has_profile_image": 0.007374
}